Analysis Type,Benchmark (p0/mu0),Sample Estimate,Test Statistic,P-Value,CI_Lower,CI_Upper
Proportion (Alcohol),0.35,0.4554589208815334,23.044869730022928,1.6558867988682988e-117,0.44648964966421856,0.4644281920988482
Mean (Weight),68.0,68.42606940808916,2.742890778814924,0.006099250409532698,68.12158551723851,68.73055329893981
